date,code,action,price,shares,amount,fee
2023-06-15,002594,BUY,263.5,700,184450.0,47.95
2023-06-15,000333,BUY,57.26,3400,194684.0,50.62
2023-06-15,601857,BUY,7.53,26500,199545.0,51.89
2023-06-16,002594,BUY,273.86,300,82158.0,21.36
2023-06-16,000333,BUY,58.4,1700,99280.0,25.81
2023-06-16,600276,BUY,46.8,4300,201240.0,52.32
2023-06-19,600276,BUY,47.5,700,33250.0,8.64
2023-06-19,601857,BUY,7.59,600,4554.0,5.05
2023-06-26,600276,EXIT,46.28,5000,231400.0,175.86
2023-06-26,002594,BUY,262.43,100,26243.0,6.82
2023-06-28,601857,BUY,7.53,12200,91866.0,23.89
2023-06-29,600900,BUY,22.48,4900,110152.0,28.64
2023-07-06,600900,EXIT,22.07,4900,108143.0,82.19
2023-07-07,600276,BUY,48.0,2200,105600.0,27.46
2023-07-10,600276,BUY,48.38,100,4838.0,5.05
2023-07-11,000725,BUY,4.22,200,844.0,5.01
2023-07-18,600276,EXIT,47.4,2300,109020.0,82.85
2023-07-18,000725,BUY,4.36,23100,100716.0,26.19
2023-07-19,000725,BUY,4.33,1900,8227.0,5.08
2023-08-03,601857,EXIT,7.55,39300,296715.0,225.51
2023-08-03,603259,BUY,73.7,2700,198990.0,51.74
2023-08-03,000858,BUY,177.04,500,88520.0,23.02
2023-08-04,603259,BUY,77.3,100,7730.0,5.08
2023-08-11,002594,EXIT,262.69,1100,288959.0,219.61
2023-08-11,000333,EXIT,56.29,5100,287079.0,218.18
2023-08-11,603259,BUY,78.89,900,71001.0,18.46
2023-08-11,000858,BUY,177.46,500,88730.0,23.07
2023-08-11,600030,BUY,24.98,7900,197342.0,51.31
2023-08-11,600036,BUY,34.16,5700,194712.0,50.63
2023-08-14,000725,STOP_LOSS,3.93,25200,99036.0,75.27
2023-08-15,600036,EXIT,32.46,5700,185022.0,140.62
2023-08-15,600030,BUY,23.73,4000,94920.0,24.68
2023-08-18,600519,BUY,1831.99,100,183199.0,47.63
2023-08-21,600585,BUY,25.68,1100,28248.0,7.34
2023-08-22,000858,STOP_LOSS,162.62,1000,162620.0,123.6
2023-08-23,600585,BUY,26.09,3500,91315.0,23.74
2023-08-29,600585,BUY,26.31,2700,71037.0,18.47
2023-09-05,600030,STOP_LOSS,22.47,11900,267393.0,203.22
2023-09-05,600585,BUY,27.38,3200,87616.0,22.78
2023-09-05,300750,BUY,237.0,600,142200.0,36.97
2023-09-05,601318,BUY,51.2,700,35840.0,9.32
2023-09-06,600585,BUY,26.39,100,2639.0,5.03
2023-09-08,300750,EXIT,225.0,600,135000.0,102.6
2023-09-08,601857,BUY,8.21,16200,133002.0,34.58
2023-09-11,601857,BUY,8.09,300,2427.0,5.02
2023-10-11,600519,EXIT,1784.65,100,178465.0,135.63
2023-10-11,600585,EXIT,25.1,10600,266060.0,202.21
2023-10-11,601318,EXIT,47.85,700,33495.0,25.45
2023-10-11,600900,BUY,22.67,8000,181360.0,47.15
2023-10-11,600276,BUY,44.7,4100,183270.0,47.65
2023-10-12,600900,BUY,22.89,4000,91560.0,23.81
2023-10-12,600276,BUY,45.6,400,18240.0,5.18
2023-10-13,603259,TAKE_PROFIT,88.6,1800,159480.0,121.2
2023-10-13,601857,EXIT,7.61,16500,125565.0,95.43
2023-10-13,600900,BUY,22.55,300,6765.0,5.07
2023-10-13,600276,BUY,44.58,1700,75786.0,19.71
2023-10-16,603259,TAKE_PROFIT,90.4,900,81360.0,61.83
2023-10-17,603259,BUY,88.8,1000,88800.0,23.09
2023-10-17,600276,BUY,44.23,100,4423.0,5.04
2023-10-18,603259,BUY,88.08,1000,88080.0,22.9
2023-10-19,603259,BUY,86.9,100,8690.0,5.09
2023-10-23,603259,BUY,83.95,100,8395.0,5.08
2023-10-26,600900,EXIT,21.85,12300,268755.0,204.26
2023-11-03,600900,BUY,22.76,8100,184356.0,47.93
2023-11-06,600900,BUY,22.74,4100,93234.0,24.24
2023-11-21,600900,BUY,22.62,100,2262.0,5.02
2023-11-21,000725,BUY,3.95,19200,75840.0,19.72
2023-11-22,000725,BUY,3.93,400,1572.0,5.02
2023-11-27,603259,EXIT,83.5,3200,267200.0,203.07
2023-12-01,600519,BUY,1789.31,100,178931.0,46.52
2023-12-04,600519,EXIT,1760.28,100,176028.0,133.78
2023-12-06,600276,EXIT,45.22,6300,284886.0,216.51
2023-12-06,000725,EXIT,3.79,19600,74284.0,56.45
2024-01-09,000333,BUY,54.71,3300,180543.0,46.95
2024-01-10,000333,BUY,55.17,1600,88272.0,22.95
2024-01-16,601857,BUY,7.31,25000,182750.0,47.52
2024-01-17,601857,BUY,7.3,12600,91980.0,23.92
2024-01-18,601857,BUY,7.22,400,2888.0,5.03
2024-01-23,601857,EXIT,7.01,38000,266380.0,202.44
2024-01-25,601857,BUY,7.3,25100,183230.0,47.64
2024-01-29,601857,BUY,8.39,8500,71315.0,18.54
2024-01-30,601857,BUY,8.32,500,4160.0,5.04
2024-01-31,600036,BUY,30.92,2600,80392.0,20.9
2024-02-01,601857,BUY,8.2,100,820.0,5.01
2024-02-02,601857,BUY,8.1,300,2430.0,5.02
2024-02-23,601857,TAKE_PROFIT,9.29,17200,159788.0,121.44
2024-02-23,600036,BUY,32.81,3100,101711.0,26.45
2024-02-23,000001,BUY,10.88,5200,56576.0,14.71
2024-02-26,601857,BUY,9.0,100,900.0,5.01
2024-03-05,601857,TAKE_PROFIT,9.05,8700,78735.0,59.84
2024-03-05,000001,BUY,10.3,7500,77250.0,20.08
2024-03-06,000333,TAKE_PROFIT,64.9,2400,155760.0,118.38
2024-03-06,601857,TAKE_PROFIT,9.03,4300,38829.0,29.51
2024-03-06,000001,BUY,10.4,9900,102960.0,26.77
2024-03-06,600036,BUY,32.14,2800,89992.0,23.4
2024-03-07,601857,BUY,8.95,300,2685.0,5.03
2024-03-08,000333,TAKE_PROFIT,65.87,1200,79044.0,60.07
2024-03-08,600036,BUY,31.89,1100,35079.0,9.12
2024-03-08,601857,BUY,9.05,4800,43440.0,11.29
2024-03-08,000001,BUY,10.35,100,1035.0,5.01
2024-03-11,000333,TAKE_PROFIT,66.09,600,39654.0,30.14
2024-03-11,601857,BUY,9.1,4200,38220.0,9.93
2024-03-11,000001,BUY,10.38,100,1038.0,5.01
2024-04-08,600900,EXIT,24.41,12300,300243.0,228.18
2024-04-08,601857,TAKE_PROFIT,10.05,6800,68340.0,51.94
2024-04-08,000333,BUY,66.72,1500,100080.0,26.02
2024-04-08,300750,BUY,197.65,1000,197650.0,51.39
2024-04-09,601857,TAKE_PROFIT,10.23,3400,34782.0,26.44
2024-04-09,300750,BUY,194.0,400,77600.0,20.18
2024-04-09,000333,BUY,65.0,400,26000.0,6.76
2024-04-10,601857,BUY,10.06,200,2012.0,5.02
2024-04-11,601857,TAKE_PROFIT,10.24,1800,18432.0,14.4
2024-04-11,000333,BUY,64.95,200,12990.0,5.13
2024-04-12,601857,BUY,10.19,500,5095.0,5.05
2024-04-16,601857,TAKE_PROFIT,10.6,1200,12720.0,11.49
2024-04-16,000333,BUY,66.78,100,6678.0,5.07
2024-04-17,601857,TAKE_PROFIT,10.75,600,6450.0,8.29
2024-04-17,000333,BUY,68.0,100,6800.0,5.07
2024-04-18,601857,TAKE_PROFIT,10.72,300,3216.0,6.64
2024-04-18,000001,BUY,10.58,800,8464.0,5.08
2024-04-19,601857,TAKE_PROFIT,10.69,100,1069.0,5.54
2024-04-19,000001,BUY,10.71,100,1071.0,5.01
2024-04-22,601857,TAKE_PROFIT,10.8,100,1080.0,5.55
2024-04-22,000001,BUY,10.64,100,1064.0,5.01
2024-05-23,000333,EXIT,65.4,3000,196200.0,149.11
2024-05-23,300750,BUY,204.2,200,40840.0,10.62
2024-05-23,000001,BUY,11.53,4900,56497.0,14.68
2024-05-23,000858,BUY,155.0,600,93000.0,24.18
2024-05-24,000001,BUY,11.37,100,1137.0,5.01
2024-05-28,601857,BUY,10.25,500,5125.0,5.05
2024-06-04,000858,EXIT,145.98,600,87588.0,66.57
2024-06-04,601857,BUY,9.96,8600,85656.0,22.27
2024-06-11,300750,EXIT,189.0,1600,302400.0,229.82
2024-06-11,002594,BUY,234.63,800,187704.0,48.81
2024-06-11,600900,BUY,28.32,4000,113280.0,29.45
2024-06-12,600036,EXIT,33.35,9600,320160.0,243.32
2024-06-12,002594,BUY,241.63,400,96652.0,25.13
2024-06-12,600900,BUY,28.08,3600,101088.0,26.28
2024-06-13,600900,BUY,28.39,3300,93687.0,24.36
2024-06-17,000001,EXIT,10.13,28800,291744.0,221.73
2024-06-18,600900,BUY,27.89,100,2789.0,5.03
2024-06-19,601857,EXIT,9.76,9200,89792.0,68.25
2024-06-24,600585,BUY,23.53,8600,202358.0,52.61
2024-06-25,600585,EXIT,23.13,8600,198918.0,151.18
2024-06-25,600036,BUY,34.07,6000,204420.0,53.15
2024-07-03,601318,BUY,42.18,4600,194028.0,50.45
2024-07-04,600585,BUY,24.05,300,7215.0,5.07
2024-07-08,600036,EXIT,33.85,6000,203100.0,154.35
2024-07-08,601318,EXIT,40.9,4600,188140.0,142.99
2024-07-08,600585,BUY,24.05,4200,101010.0,26.26
2024-07-10,600585,BUY,24.7,4200,103740.0,26.98
2024-07-11,600036,BUY,33.08,5500,181940.0,47.3
2024-07-12,600036,EXIT,33.01,5500,181555.0,137.99
2024-07-12,600585,BUY,24.87,3800,94506.0,24.58
2024-07-15,600585,BUY,24.64,100,2464.0,5.02
2024-07-15,601857,BUY,10.24,8500,87040.0,22.63
2024-07-16,601857,BUY,10.44,100,1044.0,5.01
2024-07-18,601857,EXIT,10.12,8600,87032.0,66.15
2024-07-18,601318,BUY,42.19,2000,84380.0,21.93
2024-07-19,600585,BUY,25.11,100,2511.0,5.03
2024-07-29,601318,EXIT,41.08,2000,82160.0,62.44
2024-07-31,600030,BUY,18.92,4300,81356.0,21.15
2024-08-06,002594,EXIT,234.0,1200,280800.0,213.41
2024-08-06,600585,EXIT,23.2,12700,294640.0,223.93
2024-08-06,600030,BUY,19.32,5000,96600.0,25.12
2024-08-07,600030,BUY,19.12,5100,97512.0,25.36
2024-08-08,600276,BUY,42.11,4600,193706.0,50.37
2024-08-09,600276,BUY,42.7,2300,98210.0,25.53
2024-08-29,600030,EXIT,18.5,14400,266400.0,202.46
2024-08-30,600900,EXIT,29.25,11000,321750.0,244.54
2024-09-02,600030,BUY,19.19,10200,195738.0,50.89
2024-09-03,601318,BUY,43.61,4400,191884.0,49.89
2024-09-04,601318,BUY,43.22,2200,95084.0,24.72
2024-09-04,600030,BUY,19.05,5100,97155.0,25.26
2024-09-05,601318,BUY,42.63,200,8526.0,5.09
2024-09-06,600030,BUY,19.44,200,3888.0,5.04
2024-09-06,000333,BUY,63.6,1300,82680.0,21.5
2024-09-10,000333,EXIT,60.48,1300,78624.0,59.76
2024-09-12,300750,BUY,188.0,400,75200.0,19.55
2024-09-27,600276,BUY,47.38,100,4738.0,5.05
2024-09-30,600030,TAKE_PROFIT,27.2,7700,209440.0,159.17
2024-09-30,601318,TAKE_PROFIT,54.48,3400,185232.0,140.78
2024-09-30,300750,TAKE_PROFIT,233.02,200,46604.0,35.42
2024-09-30,600276,BUY,50.2,200,10040.0,5.1
2024-09-30,002594,BUY,290.0,800,232000.0,60.32
2024-10-08,600276,TAKE_PROFIT,57.53,3600,207108.0,157.4
2024-10-08,600030,TAKE_PROFIT,29.92,3900,116688.0,88.68
2024-10-08,601318,TAKE_PROFIT,62.8,1700,106760.0,81.14
2024-10-09,600276,TAKE_PROFIT,55.0,1800,99000.0,75.24
2024-10-09,600030,TAKE_PROFIT,31.0,1900,58900.0,44.76
2024-10-09,601318,TAKE_PROFIT,60.0,800,48000.0,36.48
2024-10-09,002594,BUY,315.0,400,126000.0,32.76
2024-10-10,600030,TAKE_PROFIT,29.1,1000,29100.0,22.12
2024-10-10,601318,TAKE_PROFIT,56.63,400,22652.0,17.22
2024-10-10,600276,BUY,51.68,2500,129200.0,33.59
2024-10-10,002594,BUY,310.0,100,31000.0,8.06
2024-10-11,600030,TAKE_PROFIT,27.2,500,13600.0,11.94
2024-10-11,601318,TAKE_PROFIT,57.8,200,11560.0,10.9
2024-10-11,600276,BUY,52.13,2500,130325.0,33.88
2024-10-14,600030,TAKE_PROFIT,27.97,200,5594.0,7.86
2024-10-14,601318,TAKE_PROFIT,58.39,100,5839.0,7.98
2024-10-14,600276,BUY,50.5,1000,50500.0,13.13
2024-10-14,300750,BUY,249.99,400,99996.0,26.0
2024-10-15,600030,TAKE_PROFIT,27.0,100,2700.0,6.38
2024-10-15,601318,TAKE_PROFIT,58.58,100,5858.0,7.99
2024-10-15,300750,BUY,249.81,400,99924.0,25.98
2024-10-16,600030,TAKE_PROFIT,26.11,100,2611.0,6.34
2024-10-16,300750,BUY,238.82,400,95528.0,24.84
2024-10-17,300750,BUY,234.0,200,46800.0,12.17
2024-10-22,600276,BUY,50.21,100,5021.0,5.05
2024-10-23,601318,BUY,57.2,2000,114400.0,29.74
2024-10-24,600030,BUY,27.4,200,5480.0,5.05
2024-11-06,600030,TAKE_PROFIT,31.01,100,3101.0,6.58
2024-11-07,600030,TAKE_PROFIT,30.5,100,3050.0,6.56
2024-11-07,601318,BUY,57.0,100,5700.0,5.06
2024-11-14,300750,TAKE_PROFIT,283.0,800,226400.0,172.06
2024-11-14,600276,BUY,49.27,300,14781.0,5.15
2024-11-15,300750,BUY,269.5,400,107800.0,28.03
2024-11-18,300750,BUY,265.56,200,53112.0,13.81
2024-11-18,600030,BUY,31.05,1600,49680.0,12.92
2024-11-25,002594,EXIT,283.0,1300,367900.0,279.61
2024-11-25,600585,BUY,25.3,10200,258060.0,67.1
2024-12-09,600585,BUY,25.8,4200,108360.0,28.17
2024-12-11,600276,EXIT,47.86,8200,392452.0,298.26
2024-12-11,601318,BUY,55.61,2300,127903.0,33.26
2024-12-11,600030,BUY,31.43,4200,132006.0,34.32
2024-12-11,600036,BUY,38.54,3400,131036.0,34.07
2024-12-12,600036,BUY,38.29,100,3829.0,5.04
2024-12-16,601318,EXIT,53.71,4500,241695.0,183.69
2024-12-16,600585,BUY,26.01,500,13005.0,5.13
2024-12-16,000858,BUY,148.03,1500,222045.0,57.73
2024-12-17,600585,EXIT,24.75,14900,368775.0,280.27
2024-12-17,603259,BUY,56.0,4500,252000.0,65.52
2024-12-18,603259,BUY,55.8,2100,117180.0,30.47
2024-12-19,603259,BUY,55.52,100,5552.0,5.06
2024-12-20,000858,EXIT,143.7,1500,215550.0,163.82
2024-12-20,603259,BUY,55.88,100,5588.0,5.06
2024-12-20,600036,BUY,38.05,3300,125565.0,32.65
2024-12-20,600900,BUY,29.21,2800,81788.0,21.27
2024-12-23,600900,BUY,29.19,100,2919.0,5.03
2025-01-02,600030,EXIT,28.98,5900,170982.0,129.95
2025-01-02,300750,REDUCE,266.25,600,159750.0,121.42
2025-01-02,600036,BUY,39.35,2900,114115.0,29.67
2025-01-02,600900,BUY,29.51,4300,126893.0,32.99
2025-01-02,601857,BUY,8.91,9900,88209.0,22.93
2025-01-03,300750,REDUCE,258.78,400,103512.0,78.68
2025-01-03,601857,BUY,8.81,11700,103077.0,26.8
2025-01-06,601857,BUY,8.87,200,1774.0,5.02
2025-01-08,300750,EXIT,245.99,400,98396.0,74.78
2025-01-08,603259,EXIT,52.16,6800,354688.0,269.56
2025-01-08,601857,BUY,8.86,13900,123154.0,32.02
2025-01-09,601857,BUY,8.99,5500,49445.0,12.85
2025-01-09,000333,BUY,77.7,3100,240870.0,62.63
2025-01-10,000333,BUY,78.73,400,31492.0,8.18
2025-01-10,601857,BUY,8.86,700,6202.0,5.06
2025-01-23,601857,EXIT,8.26,41900,346094.0,263.03
2025-01-23,603259,BUY,55.1,4300,236930.0,61.6
2025-01-27,603259,BUY,55.87,1900,106153.0,27.6
2025-02-11,000333,EXIT,73.44,3500,257040.0,195.35
2025-02-12,603259,BUY,57.53,100,5753.0,5.06
2025-02-12,002594,BUY,327.5,700,229250.0,59.6
2025-02-12,000725,BUY,4.51,5700,25707.0,6.69
2025-02-14,000725,BUY,4.49,100,449.0,5.0
2025-02-19,600900,EXIT,28.26,7200,203472.0,154.64
2025-02-19,000725,BUY,4.54,28000,127120.0,33.05
2025-02-19,002594,BUY,353.52,200,70704.0,18.39
2025-02-20,000725,BUY,4.49,1200,5388.0,5.05
2025-02-24,603259,TAKE_PROFIT,67.2,3100,208320.0,158.32
2025-02-24,002594,BUY,385.0,100,38500.0,10.01
2025-02-24,000725,BUY,4.56,29300,133608.0,34.74
2025-02-25,603259,BUY,61.7,500,30850.0,8.02
2025-02-25,000725,BUY,4.55,1100,5005.0,5.05
2025-03-17,000725,EXIT,4.42,65400,289068.0,219.69
2025-03-17,603259,BUY,64.2,2000,128400.0,33.38
2025-03-17,601318,BUY,53.47,2900,155063.0,40.32
2025-03-20,600036,TAKE_PROFIT,45.92,4800,220416.0,167.51
2025-03-20,603259,TAKE_PROFIT,70.01,2800,196028.0,148.98
2025-03-20,601318,BUY,54.05,2500,135125.0,35.13
2025-03-20,600276,BUY,47.2,5900,278480.0,72.4
2025-03-21,002594,TAKE_PROFIT,393.01,500,196505.0,149.35
2025-03-21,600036,BUY,45.12,3000,135360.0,35.19
2025-03-21,603259,BUY,69.16,900,62244.0,16.18
2025-03-21,600276,BUY,46.4,100,4640.0,5.05
2025-03-24,600276,EXIT,44.86,6000,269160.0,204.56
2025-03-24,600036,BUY,44.55,1100,49005.0,12.74
2025-03-24,002594,BUY,377.0,300,113100.0,29.41
2025-03-24,603259,BUY,67.02,1500,100530.0,26.14
2025-03-25,603259,BUY,67.33,100,6733.0,5.07
2025-04-08,600036,EXIT,40.78,9000,367020.0,278.93
2025-04-08,603259,STOP_LOSS,58.08,5400,313632.0,238.37
2025-04-08,002594,STOP_LOSS,321.76,800,257408.0,195.62
2025-04-08,601318,STOP_LOSS,48.55,5400,262170.0,199.25
2025-04-08,600276,BUY,48.8,4900,239120.0,62.17
2025-04-09,600276,BUY,47.73,2500,119325.0,31.02
2025-04-09,600585,BUY,24.71,9700,239687.0,62.32
2025-04-10,600276,BUY,48.97,100,4897.0,5.05
2025-04-10,600585,BUY,25.98,4400,114312.0,29.72
2025-04-15,600585,BUY,25.1,200,5020.0,5.05
2025-04-15,600900,BUY,29.08,8200,238456.0,61.99
2025-04-16,600900,BUY,29.25,4100,119925.0,31.18
2025-04-23,600900,BUY,29.28,100,2928.0,5.03
2025-04-24,600900,BUY,29.2,100,2920.0,5.03
2025-04-24,002594,BUY,372.48,300,111744.0,29.06
2025-04-30,002594,EXIT,354.9,300,106470.0,80.91
2025-05-09,600036,BUY,42.8,2400,102720.0,26.71
2025-05-13,600585,EXIT,23.84,14300,340912.0,259.1
2025-05-13,600036,BUY,44.09,2700,119043.0,30.95
2025-05-13,601857,BUY,8.16,27300,222768.0,57.92
2025-05-14,601857,BUY,8.22,500,4110.0,5.04
2025-06-30,600276,REDUCE,51.91,3700,192067.0,145.97
2025-06-30,600036,BUY,46.13,2600,119938.0,31.18
2025-06-30,000001,BUY,12.14,5800,70412.0,18.3
2025-07-01,600276,EXIT,51.89,3800,197182.0,149.86
2025-07-01,600036,BUY,45.96,300,13788.0,5.14
2025-07-01,000001,BUY,12.06,10200,123012.0,31.98
2025-07-01,601318,BUY,55.66,1000,55660.0,14.48
2025-07-02,601318,BUY,55.7,100,5570.0,5.06
2025-07-15,601857,BUY,8.86,100,886.0,5.01
2025-07-24,600900,EXIT,29.19,12500,364875.0,277.31
2025-07-24,601857,BUY,8.94,13600,121584.0,31.62
2025-07-24,603259,BUY,83.66,2800,234248.0,60.9
2025-07-25,600036,EXIT,44.84,8000,358720.0,272.63
2025-07-25,603259,BUY,87.0,1400,121800.0,31.67
2025-07-25,601857,BUY,8.8,700,6160.0,5.06
2025-07-25,601318,BUY,58.3,2100,122430.0,31.83
2025-07-25,300750,BUY,285.2,400,114080.0,29.66
2025-07-31,601857,BUY,8.88,300,2664.0,5.03
2025-08-18,601857,EXIT,8.62,42500,366350.0,278.42
2025-08-18,601318,BUY,59.92,2100,125832.0,32.72
2025-08-18,300750,BUY,280.67,400,112268.0,29.19
2025-08-18,600030,BUY,31.19,4000,124760.0,32.44
2025-08-20,600030,BUY,30.9,100,3090.0,5.03
2025-08-28,000001,EXIT,12.09,16000,193440.0,147.01
2025-08-28,600030,BUY,30.9,4000,123600.0,32.14
2025-08-28,300750,BUY,276.06,200,55212.0,14.35
2025-08-28,600585,BUY,24.68,500,12340.0,5.12
2025-09-02,603259,TAKE_PROFIT,111.0,2100,233100.0,177.15
2025-09-02,300750,BUY,304.03,200,60806.0,15.81
2025-09-02,600030,BUY,31.2,4300,134160.0,34.88
2025-09-02,600585,BUY,24.31,1600,38896.0,10.11
2025-09-09,603259,TAKE_PROFIT,108.94,1000,108940.0,82.79
2025-09-10,603259,BUY,106.1,1000,106100.0,27.59
2025-09-10,600585,BUY,24.44,100,2444.0,5.02
2025-09-16,300750,TAKE_PROFIT,356.11,600,213666.0,162.39
2025-09-16,603259,BUY,106.5,1200,127800.0,33.23
2025-09-17,300750,TAKE_PROFIT,356.8,200,71360.0,54.23
2025-09-17,600030,EXIT,29.29,12400,363196.0,276.03
2025-09-17,603259,BUY,106.89,500,53445.0,13.89
2025-09-17,600276,BUY,69.3,3900,270270.0,70.27
2025-09-18,300750,TAKE_PROFIT,374.59,200,74918.0,56.94
2025-09-18,600276,BUY,70.56,1900,134064.0,34.86
2025-09-19,601318,EXIT,55.29,5300,293037.0,222.71
2025-09-22,600276,BUY,70.49,100,7049.0,5.07
2025-09-23,600585,EXIT,22.99,2200,50578.0,38.44
2025-09-25,000725,BUY,4.2,64900,272580.0,70.87
2025-09-26,000725,BUY,4.16,33300,138528.0,36.02
2025-10-10,000725,BUY,4.26,900,3834.0,5.04
2025-10-13,600585,BUY,23.6,2400,56640.0,14.73
2025-10-15,603259,EXIT,96.1,3800,365180.0,277.54
2025-10-15,600276,EXIT,64.2,5900,378780.0,287.88
2025-10-16,300750,BUY,367.5,200,73500.0,19.12
2025-10-17,600519,BUY,1483.1,100,148310.0,38.56
2025-10-23,600585,EXIT,23.63,2400,56712.0,43.11
2025-10-27,000725,EXIT,4.07,99100,403337.0,306.53
2025-10-27,600519,EXIT,1440.0,100,144000.0,109.44
2025-10-27,300750,BUY,393.0,200,78600.0,20.44
2025-10-27,603259,BUY,110.6,2300,254380.0,66.13
2025-10-27,600030,BUY,30.25,8400,254100.0,66.06
2025-10-28,300750,BUY,386.16,200,77232.0,20.08
2025-10-28,600030,BUY,29.98,4200,125916.0,32.74
2025-10-29,603259,BUY,103.25,1200,123900.0,32.22
2025-10-29,000333,BUY,74.25,2800,207900.0,54.06
2025-10-30,600030,BUY,30.19,100,3019.0,5.03
2025-10-31,603259,STOP_LOSS,97.41,3500,340935.0,259.11
2025-10-31,000333,BUY,75.2,1600,120320.0,31.28
2025-10-31,000725,BUY,4.1,53300,218530.0,56.82
2025-10-31,600900,BUY,28.46,100,2846.0,5.03
2025-11-03,600030,EXIT,29.35,12700,372745.0,283.29
2025-11-03,000725,EXIT,4.06,53300,216398.0,164.46
2025-11-03,600900,BUY,28.11,4400,123684.0,32.16
2025-11-03,000333,BUY,76.39,400,30556.0,7.95
2025-11-03,601857,BUY,9.19,27000,248130.0,64.51
2025-11-04,601857,BUY,9.54,12000,114480.0,29.76
2025-11-04,600900,BUY,28.31,2500,70775.0,18.4
2025-11-06,601857,BUY,9.49,200,1898.0,5.02
2025-12-17,300750,EXIT,376.45,800,301160.0,228.88
2025-12-17,600900,EXIT,27.93,7000,195510.0,148.59
2025-12-17,601318,BUY,67.05,3700,248085.0,64.5
2025-12-18,601318,BUY,67.88,1800,122184.0,31.77
2025-12-19,000001,BUY,11.63,10600,123278.0,32.05
2025-12-22,000001,BUY,11.61,200,2322.0,5.02
2025-12-30,000725,BUY,4.12,200,824.0,5.01
2025-12-31,000001,EXIT,11.48,10800,123984.0,94.23
2025-12-31,000725,BUY,4.17,29100,121347.0,31.55
2026-01-05,000725,BUY,4.22,500,2110.0,5.02
2026-01-06,000725,BUY,4.24,100,424.0,5.0
2026-01-15,000333,REDUCE,77.46,2400,185904.0,141.29
2026-01-15,000725,BUY,4.54,27800,126212.0,32.81
2026-01-16,000333,REDUCE,77.25,1200,92700.0,70.46
2026-01-16,000725,BUY,4.55,26100,118755.0,30.88
2026-01-19,000333,EXIT,77.37,1200,92844.0,70.56
2026-01-19,000725,BUY,4.43,200,886.0,5.01
2026-01-19,603259,BUY,104.4,1100,114840.0,29.86
2026-01-20,603259,BUY,101.88,100,10188.0,5.1
2026-01-26,601318,EXIT,64.0,5500,352000.0,267.52
2026-01-28,603259,STOP_LOSS,96.0,1200,115200.0,87.55
2026-01-28,600585,BUY,23.68,10600,251008.0,65.26
2026-01-29,000725,BUY,4.52,500,2260.0,5.02
2026-01-29,600585,BUY,24.58,5000,122900.0,31.95
2026-01-30,000725,BUY,4.43,1800,7974.0,5.08
2026-01-30,601318,BUY,68.01,1100,74811.0,19.45
2026-02-02,601857,TAKE_PROFIT,10.7,19600,209720.0,159.39
2026-02-03,601857,BUY,10.65,11500,122475.0,31.84
2026-02-03,600585,BUY,23.68,100,2368.0,5.02
2026-02-04,601857,BUY,10.68,4500,48060.0,12.5
2026-02-05,601857,BUY,10.61,400,4244.0,5.04
2026-02-06,601857,BUY,10.3,100,1030.0,5.01
2026-02-06,601318,BUY,66.88,500,33440.0,8.69
2026-02-24,000725,EXIT,4.22,86300,364186.0,276.78
2026-02-24,600519,BUY,1521.0,100,152100.0,39.54
2026-02-24,603259,BUY,103.66,2000,207320.0,53.9
2026-03-02,601318,EXIT,62.41,1600,99856.0,75.89
2026-03-02,000725,BUY,4.44,24200,107448.0,27.93
2026-03-03,601857,TAKE_PROFIT,12.31,18000,221580.0,168.41
2026-03-03,000725,BUY,4.51,28500,128535.0,33.42
2026-03-04,601857,TAKE_PROFIT,13.69,9000,123210.0,93.64
2026-03-04,603259,STOP_LOSS,93.3,2000,186600.0,141.82
2026-03-05,601857,TAKE_PROFIT,12.65,4500,56925.0,43.26
2026-03-06,601857,TAKE_PROFIT,12.38,2300,28474.0,21.64
2026-03-06,600519,STOP_LOSS,1395.0,100,139500.0,106.03
2026-03-06,000725,BUY,4.42,29000,128180.0,33.33
2026-03-09,601857,BUY,13.48,9500,128060.0,33.3
2026-03-09,000725,BUY,4.31,6500,28015.0,7.28
2026-03-10,601857,BUY,12.18,10300,125454.0,32.61
2026-03-11,601857,BUY,11.78,9500,111910.0,29.1
2026-03-11,300750,BUY,379.58,200,75916.0,19.74
2026-03-11,002594,BUY,96.75,300,29025.0,7.55
2026-03-12,601857,BUY,12.33,100,1233.0,5.01
2026-03-17,000725,EXIT,4.25,88200,374850.0,284.89
2026-03-17,300750,BUY,415.78,200,83156.0,21.62
2026-03-17,002594,BUY,104.63,1200,125556.0,32.65
2026-03-18,002594,BUY,102.82,1200,123384.0,32.08
2026-03-19,002594,BUY,100.99,400,40396.0,10.5
2026-03-23,600585,EXIT,23.1,15700,362670.0,275.64
2026-03-23,002594,BUY,103.87,500,51935.0,13.5
2026-03-23,300750,BUY,417.33,200,83466.0,21.7
2026-03-23,600519,BUY,1433.33,100,143333.0,37.26
2026-03-23,600900,BUY,27.07,3100,83917.0,21.82
2026-03-24,600519,EXIT,1416.0,100,141600.0,107.62
2026-03-24,600900,EXIT,26.9,3100,83390.0,63.38
2026-03-24,300750,BUY,405.0,200,81000.0,21.06
2026-03-30,600900,BUY,27.25,5200,141700.0,36.85
2026-04-20,600036,BUY,39.5,100,3950.0,5.04
2026-04-21,601857,EXIT,11.44,31700,362648.0,275.61
2026-04-21,600036,BUY,39.91,3000,119730.0,31.13
2026-04-22,600036,BUY,39.87,3000,119610.0,31.1
2026-04-22,600900,BUY,27.13,4400,119372.0,31.03
2026-04-22,000001,BUY,11.08,400,4432.0,5.04
2026-05-07,600036,EXIT,38.05,6100,232105.0,176.4
2026-05-07,000001,BUY,11.37,10800,122796.0,31.93
2026-05-07,603259,BUY,109.74,900,98766.0,25.68
2026-05-08,000001,BUY,11.34,900,10206.0,5.1
2026-05-15,002594,EXIT,98.0,3600,352800.0,268.13
2026-05-15,600900,BUY,26.9,3500,94150.0,24.48
2026-05-15,000333,BUY,81.45,2900,236205.0,61.41
2026-05-18,000001,EXIT,10.96,12100,132616.0,100.79
2026-05-18,000333,BUY,82.68,1300,107484.0,27.94
2026-05-19,000725,BUY,4.2,11100,46620.0,12.12
2026-05-20,000725,BUY,4.29,200,858.0,5.01
2026-05-25,000725,TAKE_PROFIT,5.17,5600,28952.0,22.01
2026-05-26,300750,EXIT,406.19,800,324952.0,246.97
2026-05-26,000725,TAKE_PROFIT,5.22,2800,14616.0,12.46
2026-05-27,000725,TAKE_PROFIT,5.8,1400,8120.0,9.14
2026-05-28,000725,TAKE_PROFIT,5.72,700,4004.0,7.04
2026-05-29,603259,STOP_LOSS,100.8,900,90720.0,68.95
2026-05-29,000725,TAKE_PROFIT,5.63,400,2252.0,6.15
2026-06-01,000725,BUY,5.12,23000,117760.0,30.62
2026-06-01,000333,BUY,80.32,100,8032.0,5.08
2026-06-02,000725,BUY,5.31,22300,118413.0,30.78
2026-06-03,000725,BUY,5.58,19700,109926.0,28.58
2026-06-03,300750,BUY,437.0,200,87400.0,22.72
2026-06-05,300750,EXIT,407.89,200,81578.0,62.0
2026-06-05,000333,BUY,82.3,100,8230.0,5.08
2026-06-05,600900,BUY,27.72,200,5544.0,5.06
2026-06-08,000725,TAKE_PROFIT,6.48,32700,211896.0,161.04
2026-06-08,000333,BUY,81.39,100,8139.0,5.08
2026-06-08,600900,BUY,27.5,200,5500.0,5.06
2026-06-09,000725,TAKE_PROFIT,6.49,16300,105787.0,80.4
2026-06-09,600900,BUY,27.51,100,2751.0,5.03
2026-06-10,000725,TAKE_PROFIT,6.34,8200,51988.0,39.51
2026-06-11,000725,BUY,6.0,20900,125400.0,32.6
2026-06-12,000725,BUY,5.95,21100,125545.0,32.65
