date,cash,market_value,equity,positions
2023-06-12,1000000.0,0.0,1000000.0,0
2023-06-15,634512.0,370956.0,1005468.0,4
2023-06-16,462081.18,546153.0,1008234.18,5
2023-06-19,237780.86,759434.0,997214.86,6
2023-06-20,237780.86,755429.0,993209.86,6
2023-06-21,324709.74,671776.0,996485.74,5
2023-06-26,468068.71,524583.0,992651.71,4
2023-06-27,468068.71,531844.0,999912.71,4
2023-06-28,468068.71,529827.0,997895.71,4
2023-06-29,420848.44,569664.0,990512.44,4
2023-06-30,322332.84,670527.0,992859.84,5
2023-07-03,223256.09,781930.0,1005186.09,6
2023-07-04,175943.79,834463.0,1010406.79,6
2023-07-05,175943.79,833467.0,1009410.79,6
2023-07-06,321495.08,684268.0,1005763.08,5
2023-07-07,321495.08,683750.0,1005245.08,5
2023-07-10,321495.08,673476.0,994971.08,5
2023-07-11,273796.68,727935.0,1001731.68,5
2023-07-12,273796.68,728465.0,1002261.68,5
2023-07-13,273796.68,741910.0,1015706.68,5
2023-07-14,85803.92,928564.0,1014367.92,7
2023-07-17,81046.87,928029.0,1009075.87,7
2023-07-18,317397.1,688738.0,1006135.1,5
2023-07-19,317397.1,692812.0,1010209.1,5
2023-07-20,311602.04,691814.0,1003416.04,5
2023-07-21,311602.04,685951.0,997553.04,5
2023-07-24,323691.51,667030.0,990721.51,5
2023-07-25,132073.69,875127.0,1007200.69,7
2023-07-26,3552.6,998227.0,1001779.6,9
2023-07-27,3552.6,997077.0,1000629.6,9
2023-07-28,198.57,1017593.0,1017791.57,10
2023-07-31,198.57,1010986.0,1011184.57,10
2023-08-01,1913.07,1008920.0,1010833.07,10
2023-08-02,1913.07,994501.0,996414.07,10
2023-08-03,37435.29,966787.0,1004222.29,9
2023-08-04,2426.19,1002146.0,1004572.19,9
2023-08-07,2426.19,995854.0,998280.19,9
2023-08-08,2426.19,990443.0,992869.19,9
2023-08-09,2426.19,995347.0,997773.19,9
2023-08-10,2426.19,998238.0,1000664.19,9
2023-08-11,805.58,975023.0,975828.58,9
2023-08-14,141392.65,819957.0,961349.65,8
2023-08-15,290791.86,669066.0,959857.86,5
2023-08-16,290791.86,669776.0,960567.86,5
2023-08-17,290791.86,676494.0,967285.86,5
2023-08-18,290791.86,669290.0,960081.86,5
2023-08-21,290791.86,659568.0,950359.86,5
2023-08-22,290791.86,661774.0,952565.86,5
2023-08-23,378578.47,566074.0,944652.47,4
2023-08-24,378578.47,575396.0,953974.47,4
2023-08-25,378578.47,576590.0,955168.47,4
2023-08-28,284053.9,675538.0,959591.9,5
2023-08-29,188088.96,775579.0,963667.96,6
2023-08-30,280418.74,678150.0,958568.74,5
2023-08-31,277818.71,674695.0,952513.71,5
2023-09-01,89361.72,866006.0,955367.72,7
2023-09-04,44419.01,925697.0,970116.01,7
2023-09-05,82541.44,877144.0,959685.44,7
2023-09-06,82541.44,869802.0,952343.44,7
2023-09-07,2181.54,941368.0,943549.54,8
2023-09-08,137078.94,801228.0,938306.94,7
2023-09-11,137078.94,805308.0,942386.94,7
2023-09-12,137078.94,803291.0,940369.94,7
2023-09-13,44234.8,897663.0,941897.8,8
2023-09-14,44234.8,903230.0,947464.8,8
2023-09-15,1112.59,948334.0,949446.59,8
2023-09-18,123114.34,824334.0,947448.34,6
2023-09-19,29934.12,922872.0,952806.12,7
2023-09-20,25003.07,923478.0,948481.07,7
2023-09-21,25003.07,911241.0,936244.07,7
2023-09-22,119442.23,828573.0,948015.23,6
2023-09-25,1499.57,943966.0,945465.57,8
2023-09-26,2481.3,938050.0,940531.3,7
2023-09-27,2481.3,950583.0,953064.3,7
2023-09-28,90434.41,859744.0,950178.41,7
2023-10-09,107479.75,838937.0,946416.75,7
2023-10-10,124805.91,814121.0,938926.91,7
2023-10-11,506300.24,434670.0,940970.24,4
2023-10-12,515290.65,425773.0,941063.65,4
2023-10-13,557316.99,382003.0,939319.99,4
2023-10-16,648471.66,289417.0,937888.66,3
2023-10-17,604060.12,335455.0,939515.12,3
2023-10-18,560008.67,376688.0,936696.67,3
2023-10-19,516547.38,414524.0,931071.38,3
2023-10-20,516547.38,408629.0,925176.38,3
2023-10-23,516547.38,408904.0,925451.38,3
2023-10-24,516547.38,410905.0,927452.38,3
2023-10-25,516547.38,405412.0,921959.38,3
2023-10-26,654097.76,272787.0,926884.76,2
2023-10-27,654097.76,282692.0,936789.76,2
2023-10-30,654097.76,289134.0,943231.76,2
2023-10-31,466052.88,473944.0,939996.88,4
2023-11-01,466052.88,467924.0,933976.88,4
2023-11-02,554345.73,380690.0,935035.73,3
2023-11-03,511090.49,424884.0,935974.49,3
2023-11-06,511090.49,430895.0,941985.49,3
2023-11-07,418365.38,523019.0,941384.38,4
2023-11-08,324340.94,619796.0,944136.94,5
2023-11-09,324340.94,614854.0,939194.94,5
2023-11-10,324340.94,613701.0,938041.94,5
2023-11-13,324340.94,606709.0,931049.94,5
2023-11-14,324340.94,605449.0,929789.94,5
2023-11-15,324340.94,611328.0,935668.94,5
2023-11-16,324340.94,605306.0,929646.94,5
2023-11-17,324340.94,606554.0,930894.94,5
2023-11-20,324340.94,608585.0,932925.94,5
2023-11-21,277718.82,656030.0,933748.82,5
2023-11-22,232296.21,692593.0,924889.21,5
2023-11-23,232296.21,694166.0,926462.21,5
2023-11-24,232296.21,689382.0,921678.21,5
2023-11-27,365794.67,553760.0,919554.67,4
2023-11-28,365794.67,555481.0,921275.67,4
2023-11-29,281382.73,637938.0,919320.73,5
2023-11-30,281382.73,638955.0,920337.73,5
2023-12-01,281382.73,634952.0,916334.73,5
2023-12-04,362670.9,548670.0,911340.9,4
2023-12-05,492745.97,412558.0,905303.97,3
2023-12-06,767264.17,137250.0,904514.17,1
2023-12-07,680829.71,222942.0,903771.71,2
2023-12-08,765828.06,137982.0,903810.06,1
2023-12-11,679602.65,227609.0,907211.65,2
2023-12-12,679602.65,227198.0,906800.65,2
2023-12-13,679602.65,226917.0,906519.65,2
2023-12-14,679602.65,227248.0,906850.65,2
2023-12-15,679602.65,223812.0,903414.65,2
2023-12-18,764259.26,140727.0,904986.26,1
2023-12-19,764259.26,140605.0,904864.26,1
2023-12-20,764259.26,142130.0,906389.26,1
2023-12-21,764259.26,141215.0,905474.26,1
2023-12-22,764259.26,141398.0,905657.26,1
2023-12-25,764259.26,142740.0,906999.26,1
2023-12-26,764259.26,143533.0,907792.26,1
2023-12-27,764259.26,143533.0,907792.26,1
2023-12-28,764259.26,142008.0,906267.26,1
2023-12-29,764259.26,142374.0,906633.26,1
2024-01-02,673598.69,234619.0,908217.69,2
2024-01-03,673598.69,234641.0,908239.69,2
2024-01-04,586119.96,322120.0,908239.96,3
2024-01-05,495938.52,413459.0,909397.52,4
2024-01-08,495938.52,413498.0,909436.52,4
2024-01-09,452159.14,455088.0,907247.14,4
2024-01-10,452159.14,451980.0,904139.14,4
2024-01-11,539002.09,361604.0,900606.09,3
2024-01-12,539002.09,363739.0,902741.09,3
2024-01-15,539002.09,366888.0,905890.09,3
2024-01-16,494399.49,414585.0,908984.49,3
2024-01-17,492934.48,410740.0,903674.48,3
2024-01-18,492934.48,410627.0,903561.48,3
2024-01-19,492934.48,410176.0,903110.48,3
2024-01-22,492934.48,404944.0,897878.48,3
2024-01-23,622520.92,277137.0,899657.92,2
2024-01-24,622520.92,282741.0,905261.92,2
2024-01-25,531977.38,380350.0,912327.38,3
2024-01-26,442286.06,480865.0,923151.06,4
2024-01-29,317652.66,608978.0,926630.66,5
2024-01-30,315983.64,606478.0,922461.64,5
2024-01-31,272684.39,651073.0,923757.39,5
2024-02-01,266545.33,651824.0,918369.33,5
2024-02-02,263300.3,652753.0,916053.3,5
2024-02-05,263300.3,665430.0,928730.3,5
2024-02-06,173803.04,759277.0,933080.04,6
2024-02-07,299.13,941025.0,941324.13,9
2024-02-08,299.13,942526.0,942825.13,9
2024-02-19,299.13,954154.0,954453.13,9
2024-02-20,299.13,959052.0,959351.13,9
2024-02-21,299.13,980955.0,981254.13,9
2024-02-22,299.13,990187.0,990486.13,9
2024-02-23,1648.0,985344.0,986992.0,9
2024-02-26,742.99,967462.0,968204.99,9
2024-02-27,742.99,971179.0,971921.99,9
2024-02-28,338.99,969028.0,969366.99,9
2024-02-29,338.99,972654.0,972992.99,9
2024-03-01,338.99,973833.0,974171.99,9
2024-03-04,338.99,971562.0,971900.99,9
2024-03-05,13804.2,969786.0,983590.2,10
2024-03-06,958.86,978507.0,979465.86,10
2024-03-07,143.85,982403.0,982546.85,10
2024-03-08,739.13,976961.0,977700.13,10
2024-03-11,449.69,988257.0,988706.69,10
2024-03-12,35.69,990142.0,990177.69,10
2024-03-13,35.69,976871.0,976906.69,10
2024-03-14,35.69,970088.0,970123.69,10
2024-03-15,35.69,976766.0,976801.69,10
2024-03-18,35.69,979687.0,979722.69,10
2024-03-19,35.69,970612.0,970647.69,10
2024-03-20,35.69,972108.0,972143.69,10
2024-03-21,4445.39,969279.0,973724.39,10
2024-03-22,796.35,960732.0,961528.35,10
2024-03-25,13825.47,948884.0,962709.47,10
2024-03-26,565.06,973322.0,973887.06,9
2024-03-27,565.06,968033.0,968598.06,9
2024-03-28,565.06,972141.0,972706.06,9
2024-03-29,156.06,982471.0,982627.06,9
2024-04-01,156.06,998777.0,998933.06,9
2024-04-02,156.06,996376.0,996532.06,9
2024-04-03,156.06,993165.0,993321.06,9
2024-04-08,19493.98,971563.0,991056.98,8
2024-04-09,1443.8,986463.0,987906.8,9
2024-04-10,1443.8,981739.0,983182.8,9
2024-04-11,169.79,978428.0,978597.79,9
2024-04-12,169.79,969092.0,969261.79,9
2024-04-15,169.79,996083.0,996252.79,9
2024-04-16,169.79,995780.0,995949.79,9
2024-04-17,1735.02,1003379.0,1005114.02,9
2024-04-18,1569.15,1003295.0,1004864.15,9
2024-04-19,19600.92,978935.0,998535.92,8
2024-04-22,1235.74,990031.0,991266.74,8
2024-04-23,176.73,985784.0,985960.73,8
2024-04-24,176.73,989053.0,989229.73,8
2024-04-25,176.73,999575.0,999751.73,8
2024-04-26,176.73,1007658.0,1007834.73,8
2024-04-29,176.73,1012446.0,1012622.73,8
2024-04-30,176.73,1010378.0,1010554.73,8
2024-05-06,176.73,1023707.0,1023883.73,8
2024-05-07,176.73,1021594.0,1021770.73,8
2024-05-08,4502.19,1010203.0,1014705.19,10
2024-05-09,4502.19,1015418.0,1019920.19,10
2024-05-10,3420.18,1020179.0,1023599.18,10
2024-05-13,3420.18,1019074.0,1022494.18,10
2024-05-14,3420.18,1011156.0,1014576.18,10
2024-05-15,3420.18,1002652.0,1006072.18,10
2024-05-16,3420.18,1012191.0,1015611.18,10
2024-05-17,3420.18,1024588.0,1028008.18,10
2024-05-20,2558.52,1023242.0,1025800.52,10
2024-05-21,2558.52,1023991.0,1026549.52,10
2024-05-22,2558.52,1020159.0,1022717.52,10
2024-05-23,4049.02,1008089.0,1012138.02,10
2024-05-24,1092.28,1002076.0,1003168.28,10
2024-05-27,1092.28,1012367.0,1013459.28,10
2024-05-28,62.27,1003290.0,1003352.27,10
2024-05-29,7548.68,993126.0,1000674.68,9
2024-05-30,205.61,990558.0,990763.61,9
2024-05-31,205.61,986525.0,986730.61,9
2024-06-03,18201.38,976360.0,994561.38,9
2024-06-04,52577.59,945136.0,997713.59,8
2024-06-05,2411.17,990092.0,992503.17,8
2024-06-06,2411.17,992470.0,994881.17,8
2024-06-07,2411.17,986546.0,988957.17,8
2024-06-11,115724.99,866666.0,982390.99,7
2024-06-12,239026.21,745933.0,984959.21,6
2024-06-13,239026.21,748710.0,987736.21,6
2024-06-14,239026.21,736826.0,975852.21,6
2024-06-17,382762.89,591365.0,974127.89,5
2024-06-18,407763.88,567135.0,974898.88,4
2024-06-19,550151.59,424531.0,974682.59,3
2024-06-20,550151.59,425116.0,975267.59,3
2024-06-21,550151.59,428024.0,978175.59,3
2024-06-24,514847.42,459255.0,974102.42,3
2024-06-25,558101.14,417481.0,975582.14,3
2024-06-26,558101.14,416035.0,974136.14,3
2024-06-27,558101.14,415666.0,973767.14,3
2024-06-28,558101.14,416510.0,974611.14,3
2024-07-01,461349.99,516262.0,977611.99,4
2024-07-02,461349.99,518742.0,980091.99,4
2024-07-03,266705.4,710402.0,977107.4,6
2024-07-04,220998.52,757577.0,978575.52,6
2024-07-05,218603.5,754159.0,972762.5,6
2024-07-08,407309.96,574490.0,981799.96,4
2024-07-09,407309.96,581075.0,988384.96,4
2024-07-10,310768.86,672807.0,983575.86,5
2024-07-11,264444.82,717741.0,982185.82,5
2024-07-12,305144.02,680042.0,985186.02,5
2024-07-15,157973.76,825446.0,983419.76,6
2024-07-16,248648.79,732617.0,981265.79,5
2024-07-17,335293.63,643551.0,978844.63,5
2024-07-18,427916.13,553103.0,981019.13,5
2024-07-19,449249.9,534709.0,983958.9,5
2024-07-22,400309.18,585189.0,985498.18,5
2024-07-23,351656.53,619946.0,971602.53,5
2024-07-24,284402.05,682804.0,967206.05,5
2024-07-25,284402.05,682778.0,967180.05,5
2024-07-26,284402.05,681470.0,965872.05,5
2024-07-29,378814.25,581837.0,960651.25,4
2024-07-30,378814.25,579275.0,958089.25,4
2024-07-31,378814.25,586489.0,965303.25,4
2024-08-01,192271.76,766019.0,958290.76,6
2024-08-02,192271.76,757688.0,949959.76,6
2024-08-05,192271.76,753378.0,945649.76,6
2024-08-06,473977.5,473580.0,947557.5,4
2024-08-07,473977.5,471107.0,945084.5,4
2024-08-08,427644.46,518912.0,946556.46,4
2024-08-09,427644.46,513688.0,941332.46,4
2024-08-12,427644.46,515573.0,943217.46,4
2024-08-13,427644.46,513829.0,941473.46,4
2024-08-14,427644.46,510109.0,937753.46,4
2024-08-15,515159.89,427236.0,942395.89,3
2024-08-16,515159.89,426670.0,941829.89,3
2024-08-19,515159.89,423398.0,938557.89,3
2024-08-20,515159.89,422648.0,937807.89,3
2024-08-21,515159.89,423240.0,938399.89,3
2024-08-22,515159.89,429445.0,944604.89,3
2024-08-23,332002.27,615557.0,947559.27,5
2024-08-26,240712.54,701699.0,942411.54,6
2024-08-27,240712.54,701107.0,941819.54,6
2024-08-28,240712.54,698343.0,939055.54,6
2024-08-29,381205.68,554450.0,935655.68,5
2024-08-30,609497.05,328742.0,938239.05,3
2024-09-02,442935.76,490583.0,933518.76,5
2024-09-03,235236.77,703824.0,939060.77,7
2024-09-04,185177.84,752988.0,938165.84,7
2024-09-05,269327.08,670890.0,940217.08,6
2024-09-06,224795.5,710585.0,935380.5,6
2024-09-09,224795.5,703756.0,928551.5,6
2024-09-10,351706.98,572745.0,924451.98,5
2024-09-11,351706.98,580989.0,932695.98,5
2024-09-12,314097.2,617518.0,931615.2,5
2024-09-13,222119.29,705577.0,927696.29,6
2024-09-18,107519.49,829976.0,937495.49,7
2024-09-19,37990.41,905453.0,943443.41,7
2024-09-20,37990.41,898925.0,936915.41,7
2024-09-23,37990.41,903308.0,941298.41,7
2024-09-24,4381.67,969805.0,974186.67,7
2024-09-25,168.63,992520.0,992688.63,8
2024-09-26,168.63,1034992.0,1035160.63,8
2024-09-27,168.63,1095952.0,1096120.63,8
2024-09-30,114853.02,1074105.0,1188958.02,9
2024-10-08,615860.98,672461.0,1288321.98,9
2024-10-09,766656.4,480649.0,1247305.4,9
2024-10-10,646225.5,610403.0,1256628.5,9
2024-10-11,360339.36,868879.0,1229218.36,10
2024-10-14,110430.34,1137365.0,1247795.34,10
2024-10-15,2033.08,1212731.0,1214764.08,10
2024-10-16,2033.08,1195940.0,1197973.08,10
2024-10-17,2033.08,1181248.0,1183281.08,10
2024-10-18,2033.08,1217831.0,1219864.08,10
2024-10-21,2033.08,1220489.0,1222522.08,10
2024-10-22,2033.08,1229366.0,1231399.08,10
2024-10-23,2033.08,1237765.0,1239798.08,10
2024-10-24,2033.08,1215888.0,1217921.08,10
2024-10-25,2033.08,1229354.0,1231387.08,10
2024-10-28,860.07,1233661.0,1234521.07,10
2024-10-29,860.07,1220597.0,1221457.07,10
2024-10-30,860.07,1214834.0,1215694.07,10
2024-10-31,860.07,1207297.0,1208157.07,10
2024-11-01,860.07,1204211.0,1205071.07,10
2024-11-04,860.07,1221831.0,1222691.07,10
2024-11-05,860.07,1245190.0,1246050.07,10
2024-11-06,860.07,1228650.0,1229510.07,10
2024-11-07,860.07,1263500.0,1264360.07,10
2024-11-08,860.07,1246342.0,1247202.07,10
2024-11-11,860.07,1247948.0,1248808.07,10
2024-11-12,860.07,1246419.0,1247279.07,10
2024-11-13,860.07,1255177.0,1256037.07,10
2024-11-14,47557.95,1191594.0,1239151.95,10
2024-11-15,4362.72,1217356.0,1221718.72,10
2024-11-18,1252.69,1215267.0,1216519.69,10
2024-11-19,1252.69,1216670.0,1217922.69,10
2024-11-20,1252.69,1229945.0,1231197.69,10
2024-11-21,85.68,1224724.0,1224809.68,10
2024-11-22,85.68,1189935.0,1190020.68,10
2024-11-25,73202.8,1110855.0,1184057.8,10
2024-11-26,23836.69,1162044.0,1185880.69,10
2024-11-27,23836.69,1182557.0,1206393.69,10
2024-11-28,23836.69,1171209.0,1195045.69,10
2024-11-29,23836.69,1184910.0,1208746.69,10
2024-12-02,23836.69,1187912.0,1211748.69,10
2024-12-03,23836.69,1190032.0,1213868.69,10
2024-12-04,23836.69,1180625.0,1204461.69,10
2024-12-05,23836.69,1174997.0,1198833.69,10
2024-12-06,23836.69,1198209.0,1222045.69,10
2024-12-09,2187.47,1220163.0,1222350.47,10
2024-12-10,2187.47,1228423.0,1230610.47,10
2024-12-11,1821.29,1223933.0,1225754.29,9
2024-12-12,1821.29,1236788.0,1238609.29,9
2024-12-13,1821.29,1211337.0,1213158.29,9
2024-12-16,534.6,1200636.0,1201170.6,9
2024-12-17,2808.72,1202196.0,1205004.72,10
2024-12-18,2808.72,1210901.0,1213709.72,10
2024-12-19,2808.72,1205858.0,1208666.72,10
2024-12-20,116682.48,1084625.0,1201307.48,9
2024-12-23,6473.83,1203305.0,1209778.83,9
2024-12-24,574.77,1225680.0,1226254.77,9
2024-12-25,574.77,1224355.0,1224929.77,9
2024-12-26,574.77,1217633.0,1218207.77,9
2024-12-27,574.77,1212957.0,1213531.77,9
2024-12-30,18269.75,1206233.0,1224502.75,8
2024-12-31,378.57,1214076.0,1214454.57,9
2025-01-02,19716.38,1172238.0,1191954.38,8
2025-01-03,71851.83,1116427.0,1188278.83,7
2025-01-06,71851.83,1122931.0,1194782.83,7
2025-01-07,71851.83,1118948.0,1190799.83,7
2025-01-08,469359.48,731423.0,1200782.48,4
2025-01-09,469359.48,726917.0,1196276.48,4
2025-01-10,469359.48,720226.0,1189585.48,4
2025-01-13,469359.48,717751.0,1187110.48,4
2025-01-14,469359.48,722977.0,1192336.48,4
2025-01-15,354039.51,835602.0,1189641.51,5
2025-01-16,354039.51,841506.0,1195545.51,5
2025-01-17,465716.57,725987.0,1191703.57,4
2025-01-20,465716.57,718988.0,1184704.57,4
2025-01-21,122194.28,1058530.0,1180724.28,7
2025-01-22,9885.09,1150994.0,1160879.09,8
2025-01-23,177435.65,982605.0,1160040.65,7
2025-01-24,232695.62,932592.0,1165287.62,6
2025-01-27,232695.62,937709.0,1170404.62,6
2025-02-05,232695.62,928622.0,1161317.62,6
2025-02-06,333019.32,835554.0,1168573.32,5
2025-02-07,333019.32,837880.0,1170899.32,5
2025-02-10,234920.82,936960.0,1171880.82,6
2025-02-11,411042.87,759747.0,1170789.87,5
2025-02-12,322796.93,860021.0,1182817.93,5
2025-02-13,288668.06,890229.0,1178897.06,5
2025-02-14,182676.85,1019455.0,1202131.85,6
2025-02-17,62701.79,1144844.0,1207545.79,7
2025-02-18,62238.79,1147762.0,1210000.79,7
2025-02-19,231764.75,980339.0,1212103.75,6
2025-02-20,229963.73,987579.0,1217542.73,6
2025-02-21,108058.16,1137661.0,1245719.16,7
2025-02-24,151424.32,1079023.0,1230447.32,7
2025-02-25,3155.77,1217046.0,1220201.77,8
2025-02-26,96000.43,1129699.0,1225699.43,7
2025-02-27,96000.43,1127541.0,1223541.43,7
2025-02-28,2178.04,1195116.0,1197294.04,8
2025-03-03,93098.89,1108798.0,1201896.89,7
2025-03-04,185935.28,1000625.0,1186560.28,6
2025-03-05,185935.28,1008433.0,1194368.28,6
2025-03-06,66666.28,1143338.0,1210004.28,7
2025-03-07,6174.56,1200862.0,1207036.56,7
2025-03-10,161964.17,1036488.0,1198452.17,6
2025-03-11,279005.16,919209.0,1198214.16,5
2025-03-12,52256.23,1145641.0,1197897.23,7
2025-03-13,169811.82,1027061.0,1196872.82,6
2025-03-14,169811.82,1064576.0,1234387.82,6
2025-03-17,209415.56,1017652.0,1227067.56,7
2025-03-18,442146.55,804713.0,1246859.55,6
2025-03-19,285202.06,971491.0,1256693.06,7
2025-03-20,231251.49,1012169.0,1243420.49,8
2025-03-21,180352.42,1038442.0,1218794.42,9
2025-03-24,298434.95,923377.0,1221811.95,7
2025-03-25,235357.17,978493.0,1213850.17,7
2025-03-26,228693.1,986349.0,1215042.1,7
2025-03-27,108853.95,1125038.0,1233891.95,8
2025-03-28,50770.85,1179968.0,1230738.85,8
2025-03-31,48283.83,1177085.0,1225368.83,8
2025-04-01,164328.76,1061953.0,1226281.76,7
2025-04-02,164328.76,1051595.0,1215923.76,7
2025-04-03,156863.69,1045021.0,1201884.69,7
2025-04-07,1917.42,1129681.0,1131598.42,9
2025-04-08,733327.14,411880.0,1145207.14,3
2025-04-09,733327.14,415884.0,1149211.14,3
2025-04-10,627459.62,524408.0,1151867.62,4
2025-04-11,627459.62,521854.0,1149313.62,4
2025-04-14,623591.34,522991.0,1146582.34,4
2025-04-15,568324.98,578358.0,1146682.98,4
2025-04-16,512735.53,635595.0,1148330.53,4
2025-04-17,495150.35,649586.0,1144736.35,4
2025-04-18,389514.89,751489.0,1141003.89,5
2025-04-21,382291.16,757644.0,1139935.16,5
2025-04-22,381716.79,767728.0,1149444.79,5
2025-04-23,491613.21,661699.0,1153312.21,4
2025-04-24,451430.5,701183.0,1152613.5,4
2025-04-25,338673.19,810727.0,1149400.19,5
2025-04-28,338673.19,805946.0,1144619.19,5
2025-04-29,338673.19,799719.0,1138392.19,5
2025-04-30,592859.86,548830.0,1141689.86,3
2025-05-06,481485.91,657187.0,1138672.91,4
2025-05-07,371957.43,768953.0,1140910.43,5
2025-05-08,371957.43,768616.0,1140573.43,5
2025-05-09,38179.68,1112812.0,1150991.68,8
2025-05-12,1670.19,1146390.0,1148060.19,8
2025-05-13,12389.65,1141751.0,1154140.65,8
2025-05-14,3867.56,1170551.0,1174418.56,8
2025-05-15,3867.56,1173496.0,1177363.56,8
2025-05-16,2212.54,1171247.0,1173459.54,8
2025-05-19,4244.77,1166881.0,1171125.77,7
2025-05-20,4244.77,1180264.0,1184508.77,7
2025-05-21,3416.76,1191764.0,1195180.76,7
2025-05-22,5047.83,1195495.0,1200542.83,8
2025-05-23,1103.5,1189124.0,1190227.5,9
2025-05-26,279.49,1174275.0,1174554.49,9
2025-05-27,279.49,1170161.0,1170440.49,9
2025-05-28,279.49,1173298.0,1173577.49,9
2025-05-29,34162.61,1138910.0,1173072.61,8
2025-05-30,428.13,1170294.0,1170722.13,9
2025-06-03,428.13,1169386.0,1169814.13,9
2025-06-04,428.13,1171122.0,1171550.13,9
2025-06-05,428.13,1167355.0,1167783.13,9
2025-06-06,428.13,1169107.0,1169535.13,9
2025-06-09,384.53,1175460.0,1175844.53,8
2025-06-10,384.53,1178533.0,1178917.53,8
2025-06-11,384.53,1188424.0,1188808.53,8
2025-06-12,384.53,1191384.0,1191768.53,8
2025-06-13,37687.6,1151043.0,1188730.6,7
2025-06-16,37687.6,1153876.0,1191563.6,7
2025-06-17,1129.09,1184138.0,1185267.09,7
2025-06-18,1129.09,1180379.0,1181508.09,7
2025-06-19,1129.09,1175717.0,1176846.09,7
2025-06-20,1129.09,1181076.0,1182205.09,7
2025-06-23,1129.09,1184683.0,1185812.09,7
2025-06-24,1129.09,1193716.0,1194845.09,7
2025-06-25,336.08,1203229.0,1203565.08,8
2025-06-26,336.08,1200922.0,1201258.08,8
2025-06-27,336.08,1182532.0,1182868.08,8
2025-06-30,336.08,1182962.0,1183298.08,8
2025-07-01,1350.03,1193395.0,1194745.03,8
2025-07-02,114.02,1193850.0,1193964.02,8
2025-07-03,114.02,1193650.0,1193764.02,8
2025-07-04,114.02,1202899.0,1203013.02,8
2025-07-07,114.02,1201571.0,1201685.02,8
2025-07-08,114.02,1203389.0,1203503.02,8
2025-07-09,906.66,1198288.0,1199194.66,8
2025-07-10,213.9,1218293.0,1218506.9,8
2025-07-11,91.77,1227849.0,1227940.77,8
2025-07-14,3218.61,1230662.0,1233880.61,8
2025-07-15,2700.76,1222066.0,1224766.76,9
2025-07-16,963.58,1219262.0,1220225.58,9
2025-07-17,5347.42,1217997.0,1223344.42,9
2025-07-18,545.15,1223851.0,1224396.15,9
2025-07-21,545.15,1229143.0,1229688.15,9
2025-07-22,545.15,1229092.0,1229637.15,9
2025-07-23,545.15,1237809.0,1238354.15,9
2025-07-24,1596.4,1235825.0,1237421.4,9
2025-07-25,5634.54,1218001.0,1223635.54,9
2025-07-28,5634.54,1241509.0,1247143.54,9
2025-07-29,40981.12,1212154.0,1253135.12,9
2025-07-30,1752.12,1250626.0,1252378.12,9
2025-07-31,523.11,1224830.0,1225353.11,9
2025-08-01,523.11,1211701.0,1212224.11,9
2025-08-04,105643.16,1109042.0,1214685.16,8
2025-08-05,52129.24,1172425.0,1224554.24,9
2025-08-06,98479.99,1124460.0,1222939.99,9
2025-08-07,121736.3,1098534.0,1220270.3,9
2025-08-08,61467.16,1155650.0,1217117.16,9
2025-08-11,6973.0,1213200.0,1220173.0,9
2025-08-12,686.68,1219956.0,1220642.68,9
2025-08-13,686.68,1236125.0,1236811.68,9
2025-08-14,686.68,1237459.0,1238145.68,9
2025-08-15,6747.59,1242753.0,1249500.59,9
2025-08-18,2988.41,1246860.0,1249848.41,8
2025-08-19,2988.41,1220246.0,1223234.41,8
2025-08-20,2988.41,1235104.0,1238092.41,8
2025-08-21,2988.41,1241055.0,1244043.41,8
2025-08-22,2579.41,1266738.0,1269317.41,8
2025-08-25,2579.41,1288271.0,1290850.41,8
2025-08-26,31.38,1277811.0,1277842.38,9
2025-08-27,31.38,1248322.0,1248353.38,9
2025-08-28,5305.33,1251645.0,1256950.33,8
2025-08-29,362.28,1295662.0,1296024.28,8
2025-09-01,362.28,1308567.0,1308929.28,8
2025-09-02,672.73,1301629.0,1302301.73,8
2025-09-03,5908.68,1285965.0,1291873.68,8
2025-09-04,430.29,1266307.0,1266737.29,9
2025-09-05,4878.97,1297766.0,1302644.97,9
2025-09-08,4878.97,1306225.0,1311103.97,9
2025-09-09,4678.72,1295050.0,1299728.72,9
2025-09-10,2229.7,1290055.0,1292284.7,9
2025-09-11,5392.9,1293711.0,1299103.9,9
2025-09-12,5392.9,1290326.0,1295718.9,9
2025-09-15,3136.88,1310582.0,1313718.88,9
2025-09-16,7898.06,1298795.0,1306693.06,9
2025-09-17,275102.25,1045237.0,1320339.25,8
2025-09-18,275102.25,1035230.0,1310332.25,8
2025-09-19,280623.43,1030271.0,1310894.43,7
2025-09-22,280623.43,1030438.0,1311061.43,7
2025-09-23,585434.59,714234.0,1299668.59,5
2025-09-24,585434.59,721024.0,1306458.59,5
2025-09-25,585434.59,730974.0,1316408.59,5
2025-09-26,585434.59,712080.0,1297514.59,5
2025-09-29,585434.59,717816.0,1303250.59,5
2025-09-30,455196.74,867108.0,1322304.74,6
2025-10-09,455196.74,873655.0,1328851.74,6
2025-10-10,455196.74,840226.0,1295422.74,6
2025-10-13,327723.61,949230.0,1276953.61,7
2025-10-14,510744.4,746528.0,1257272.4,5
2025-10-15,863216.32,401266.0,1264482.32,3
2025-10-16,617583.48,645668.0,1263251.48,5
2025-10-17,495751.81,750122.0,1245873.81,6
2025-10-20,613382.34,637881.0,1251263.34,5
2025-10-21,737737.76,516426.0,1254163.76,4
2025-10-22,618456.76,633451.0,1251907.76,5
2025-10-23,744780.15,511269.0,1256049.15,4
2025-10-24,619255.53,634980.0,1254235.53,5
2025-10-27,443243.22,808731.0,1251974.22,7
2025-10-28,383267.63,865172.0,1248439.63,7
2025-10-29,261886.08,996462.0,1258348.08,7
2025-10-30,196607.87,1045133.0,1241740.87,7
2025-10-31,238226.82,998140.0,1236366.82,7
2025-11-03,482826.81,760717.0,1243543.81,5
2025-11-04,482826.81,762022.0,1244848.81,5
2025-11-05,362115.43,882386.0,1244501.43,6
2025-11-06,362115.43,887868.0,1249983.43,6
2025-11-07,303320.14,947915.0,1251235.14,6
2025-11-10,303320.14,953612.0,1256932.14,6
2025-11-11,303320.14,952526.0,1255846.14,6
2025-11-12,303320.14,963963.0,1267283.14,6
2025-11-13,303320.14,971964.0,1275284.14,6
2025-11-14,174775.43,1093890.0,1268665.43,7
2025-11-17,2765.71,1253474.0,1256239.71,8
2025-11-18,117644.77,1134338.0,1251982.77,7
2025-11-19,117644.77,1149990.0,1267634.77,7
2025-11-20,117644.77,1145303.0,1262947.77,7
2025-11-21,117644.77,1137154.0,1254798.77,7
2025-11-24,117644.77,1127895.0,1245539.77,7
2025-11-25,117644.77,1135870.0,1253514.77,7
2025-11-26,117644.77,1136299.0,1253943.77,7
2025-11-27,55830.7,1200231.0,1256061.7,7
2025-11-28,41821.56,1208329.0,1250150.56,7
2025-12-01,41821.56,1217784.0,1259605.56,7
2025-12-02,41821.56,1222494.0,1264315.56,7
2025-12-03,41821.56,1217348.0,1259169.56,7
2025-12-04,226481.11,1036289.0,1262770.11,6
2025-12-05,100493.36,1179054.0,1279547.36,7
2025-12-08,100493.36,1178006.0,1278499.36,7
2025-12-09,100493.36,1166399.0,1266892.36,7
2025-12-10,100493.36,1156810.0,1257303.36,7
2025-12-11,284537.38,971576.0,1256113.38,6
2025-12-12,284537.38,975977.0,1260514.38,6
2025-12-15,284537.38,986243.0,1270780.38,6
2025-12-16,284537.38,984551.0,1269088.38,6
2025-12-17,546758.94,725872.0,1272630.94,4
2025-12-18,419565.88,853437.0,1273002.88,5
2025-12-19,166598.13,1104109.0,1270707.13,7
2025-12-22,332044.31,935472.0,1267516.31,6
2025-12-23,270324.26,1004707.0,1275031.26,6
2025-12-24,254170.1,1017603.0,1271773.1,6
2025-12-25,254170.1,1022772.0,1276942.1,6
2025-12-26,254170.1,1024484.0,1278654.1,6
2025-12-29,72559.89,1207617.0,1280176.89,7
2025-12-30,9095.4,1272470.0,1281565.4,7
2025-12-31,71618.49,1208466.0,1280084.49,7
2026-01-05,192036.57,1099926.0,1291962.57,6
2026-01-06,1276.99,1321489.0,1322765.99,8
2026-01-07,3176.01,1296476.0,1299652.01,9
2026-01-08,241.98,1281536.0,1281777.98,9
2026-01-09,231219.57,1053675.0,1284894.57,7
2026-01-12,231219.57,1049845.0,1281064.57,7
2026-01-13,231219.57,1057414.0,1288633.57,7
2026-01-14,322590.08,962560.0,1285150.08,7
2026-01-15,484239.14,800856.0,1285095.14,6
2026-01-16,507396.53,768202.0,1275598.53,6
2026-01-19,529686.63,744871.0,1274557.63,4
2026-01-20,529686.63,739517.0,1269203.63,4
2026-01-21,266479.69,998250.0,1264729.69,6
2026-01-22,391584.54,873494.0,1265078.54,5
2026-01-23,391584.54,866043.0,1257627.54,5
2026-01-26,538672.67,730075.0,1268747.67,4
2026-01-27,416451.9,856944.0,1273395.9,5
2026-01-28,354867.89,928254.0,1283121.89,5
2026-01-29,354867.89,941061.0,1295928.89,5
2026-01-30,275668.74,1004807.0,1280475.74,6
2026-02-02,455437.01,801484.0,1256921.01,5
2026-02-03,392585.67,876709.0,1269294.67,5
2026-02-04,329557.29,954898.0,1284455.29,5
2026-02-05,187997.94,1100120.0,1288117.94,6
2026-02-06,186962.93,1100997.0,1287959.93,6
2026-02-09,186962.93,1105706.0,1292668.93,6
2026-02-10,186962.93,1107589.0,1294551.93,6
2026-02-11,186962.93,1111490.0,1298452.93,6
2026-02-12,186962.93,1113869.0,1300831.93,6
2026-02-13,180342.86,1093982.0,1274324.86,6
2026-02-24,376423.72,906912.0,1283335.72,5
2026-02-25,248119.37,1048401.0,1296520.37,6
2026-02-26,248119.37,1030803.0,1278922.37,6
2026-02-27,248119.37,1032174.0,1280293.37,6
2026-03-02,371235.81,926262.0,1297497.81,5
2026-03-03,493268.6,807746.0,1301014.6,4
2026-03-04,671096.01,634211.0,1305307.01,4
2026-03-05,599704.11,702687.0,1302391.11,5
2026-03-06,625941.45,674394.0,1300335.45,5
2026-03-09,557767.59,738014.0,1295781.59,5
2026-03-10,493196.8,796346.0,1289542.8,5
2026-03-11,359195.97,948804.0,1307999.97,6
2026-03-12,313563.1,997425.0,1310988.1,6
2026-03-13,313563.1,991570.0,1305133.1,6
2026-03-16,312256.09,994752.0,1307008.09,6
2026-03-17,502936.06,802487.0,1305423.06,5
2026-03-18,502936.06,794593.0,1297529.06,5
2026-03-19,502936.06,799145.0,1302081.06,5
2026-03-20,502936.06,795005.0,1297941.06,5
2026-03-23,625318.42,673423.0,1298741.42,4
2026-03-24,816163.26,475053.0,1291216.26,3
2026-03-25,688525.08,598359.0,1286884.08,4
2026-03-26,688525.08,597057.0,1285582.08,4
2026-03-27,688525.08,605708.0,1294233.08,4
2026-03-30,501131.36,799952.0,1301083.36,5
2026-03-31,501131.36,793384.0,1294515.36,5
2026-04-01,372453.91,922957.0,1295410.91,6
2026-04-02,193355.34,1104980.0,1298335.34,7
2026-04-03,129722.8,1148918.0,1278640.8,7
2026-04-07,129722.8,1148096.0,1277818.8,7
2026-04-08,129722.8,1156576.0,1286298.8,7
2026-04-09,129722.8,1154045.0,1283767.8,7
2026-04-10,318315.36,974250.0,1292565.36,6
2026-04-13,318315.36,981780.0,1300095.36,6
2026-04-14,318315.36,981791.0,1300106.36,6
2026-04-15,253570.53,1044491.0,1298061.53,6
2026-04-16,4067.67,1296290.0,1300357.67,8
2026-04-17,2953.66,1272649.0,1275602.66,8
2026-04-20,2953.66,1273753.0,1276706.66,8
2026-04-21,127117.11,1148091.0,1275208.11,7
2026-04-22,116555.3,1152826.0,1269381.3,7
2026-04-23,199.22,1269926.0,1270125.22,9
2026-04-24,199.22,1265519.0,1265718.22,9
2026-04-27,199.22,1277479.0,1277678.22,9
2026-04-28,199.22,1299097.0,1299296.22,9
2026-04-29,199.22,1308751.0,1308950.22,9
2026-04-30,199.22,1300808.0,1301007.22,9
2026-05-06,199.22,1296185.0,1296384.22,9
2026-05-07,3012.58,1288564.0,1291576.58,9
2026-05-08,111697.92,1167165.0,1278862.92,8
2026-05-11,49972.87,1238086.0,1288058.87,8
2026-05-12,36292.73,1246879.0,1283171.73,8
2026-05-13,36292.73,1241771.0,1278063.73,8
2026-05-14,5682.44,1257820.0,1263502.44,9
2026-05-15,218760.38,1041764.0,1260524.38,7
2026-05-18,414939.29,839967.0,1254906.29,5
2026-05-19,289746.75,967009.0,1256755.75,6
2026-05-20,320861.77,931478.0,1252339.77,6
2026-05-21,320861.77,949981.0,1270842.77,6
2026-05-22,320861.77,964160.0,1285021.77,6
2026-05-25,433998.72,852515.0,1286513.72,6
2026-05-26,572029.74,724253.0,1296282.74,5
2026-05-27,603905.49,689693.0,1293598.49,5
2026-05-28,535314.78,749952.0,1285266.78,6
2026-05-29,721761.93,574459.0,1296220.93,5
2026-06-01,657233.15,642298.0,1299531.15,5
2026-06-02,682347.91,626848.0,1309195.91,4
2026-06-03,499136.29,810812.0,1309948.29,5
2026-06-04,499136.29,823491.0,1322627.29,5
2026-06-05,708349.16,621638.0,1329987.16,3
2026-06-08,820850.47,509503.0,1330353.47,3
2026-06-09,746413.22,588840.0,1335253.22,4
2026-06-10,774921.53,563703.0,1338624.53,4
2026-06-11,708304.21,632196.0,1340500.21,4
2026-06-12,641646.88,687524.0,1329170.88,4
